No,torch_tf_max_diff,torch_tf_mean_diff,tfjschrome_torch_max_diff,tfjschrome_torch_mean_diff,tfjschrome_tf_max_diff,tfjschrome_tf_mean_diff,tfjschrome_tfjsmsedge_max_diff,tfjschrome_tfjsmsedge_mean_diff,tfjsmsedge_torch_max_diff,tfjsmsedge_torch_mean_diff,tfjsmsedge_tf_max_diff,tfjsmsedge_tf_mean_diff,avg_max_diff,avg_mean_diff,channels,model,fail_time
0,0.0,0.0,0.0,0.0,0.0,0.0,0.0,0.0,0.0,0.0,0.0,0.0,0.0,0.0,0:1 1:1 2:1 3:1 4:1 5:1 6:1 7:1 ,from:0 to:1 operator:19  from:1 to:2 operator:19  from:2 to:3 operator:19  from:3 to:4 operator:19  from:4 to:5 operator:19  from:5 to:6 operator:19  from:6 to:7 operator:19  ,0
7,0.0,0.0,0.0,0.0,0.0,0.0,0.0,0.0,0.0,0.0,0.0,0.0,0.0,0.0,0:1 1:1 2:1 3:1 4:1 5:1 6:1 7:1 ,from:0 to:1 operator:19  from:1 to:2 operator:19  from:2 to:3 operator:19  from:3 to:4 operator:19  from:4 to:5 operator:19  from:5 to:6 operator:19  from:6 to:7 operator:19  ,6
11,1.7881393e-07,2.6024265e-08,1.6391277313232422e-07,3.2541758325047944e-08,2.384185791015625e-07,4.0070993371180653e-08,0.0,0.0,1.6391277313232422e-07,3.2541758325047944e-08,2.384185791015625e-07,4.0070993371180653e-08,1.6391277313232422e-07,2.8541628133629366e-08,0:1 1:1 2:1 3:1 4:1 5:1 6:1 ,from:0 to:1 operator:13  from:1 to:2 operator:19  from:2 to:3 operator:19  from:3 to:4 operator:10  from:4 to:5 operator:19  from:5 to:6 operator:19  ,9
12,0.0,0.0,0.0,0.0,0.0,0.0,0.0,0.0,0.0,0.0,0.0,0.0,0.0,0.0,0:1 1:1 2:1 3:1 4:1 5:1 6:1 ,from:0 to:1 operator:19  from:1 to:2 operator:19  from:2 to:3 operator:19  from:3 to:4 operator:19  from:4 to:5 operator:19  from:5 to:6 operator:19  ,9
14,0.0,0.0,4.76837158203125e-07,7.000656936455656e-08,4.76837158203125e-07,7.000656936455656e-08,0.0,0.0,4.76837158203125e-07,7.000656936455656e-08,4.76837158203125e-07,7.000656936455656e-08,3.178914388020833e-07,4.6671046243037704e-08,0:1 1:1 2:1 3:1 4:1 5:1 6:1 7:1 ,from:0 to:1 operator:19  from:1 to:2 operator:4  from:2 to:3 operator:5  from:3 to:4 operator:19  from:4 to:5 operator:19  from:5 to:6 operator:19  from:6 to:7 operator:19  ,10
15,0.0,0.0,0.0,0.0,0.0,0.0,0.0,0.0,0.0,0.0,0.0,0.0,0.0,0.0,0:1 1:1 2:1 3:1 4:1 5:1 6:1 ,from:0 to:1 operator:19  from:1 to:2 operator:19  from:2 to:3 operator:19  from:3 to:4 operator:19  from:4 to:5 operator:19  from:5 to:6 operator:19  ,10
16,0.0,0.0,0.0,0.0,0.0,0.0,0.0,0.0,0.0,0.0,0.0,0.0,0.0,0.0,0:1 1:1 2:1 3:1 4:1 5:1 6:1 ,from:0 to:1 operator:19  from:1 to:2 operator:4  from:2 to:3 operator:19  from:3 to:4 operator:19  from:4 to:5 operator:19  from:5 to:6 operator:19  ,10
18,0.0,0.0,0.0,0.0,0.0,0.0,0.0,0.0,0.0,0.0,0.0,0.0,0.0,0.0,0:1 1:1 2:1 3:1 4:1 5:1 6:1 7:1 ,from:0 to:1 operator:19  from:1 to:2 operator:19  from:2 to:3 operator:19  from:3 to:4 operator:19  from:4 to:5 operator:19  from:5 to:6 operator:19  from:6 to:7 operator:19  ,11
20,5.9604645e-08,4.052978e-09,1.1920928955078125e-07,9.201122102914033e-09,1.1920928955078125e-07,1.0184184820563705e-08,0.0,0.0,1.1920928955078125e-07,9.201122102914033e-09,1.1920928955078125e-07,1.0184184820563705e-08,8.940696716308594e-08,7.137265300034337e-09,0:1 1:1 2:1 3:1 4:1 5:1 6:1 7:1 ,from:0 to:1 operator:13  from:1 to:2 operator:19  from:2 to:3 operator:12  from:3 to:4 operator:19  from:4 to:5 operator:19  from:5 to:6 operator:19  from:6 to:7 operator:19  ,12
21,0.0,0.0,0.0,0.0,0.0,0.0,0.0,0.0,0.0,0.0,0.0,0.0,0.0,0.0,0:1 1:1 2:1 3:1 4:1 5:1 6:1 7:1 ,from:0 to:1 operator:19  from:1 to:2 operator:19  from:2 to:3 operator:19  from:3 to:4 operator:19  from:4 to:5 operator:19  from:5 to:6 operator:19  from:6 to:7 operator:19  ,12
23,5.9604645e-08,4.2081982e-09,1.1920928955078125e-07,9.166628674224572e-09,1.1920928955078125e-07,1.0460132250079402e-08,0.0,0.0,1.1920928955078125e-07,9.166628674224572e-09,1.1920928955078125e-07,1.0460132250079402e-08,8.940696716308594e-08,7.24362001382189e-09,0:1 1:1 2:1 3:1 4:1 5:1 6:1 ,from:0 to:1 operator:13  from:1 to:2 operator:19  from:2 to:3 operator:19  from:3 to:4 operator:19  from:4 to:5 operator:19  from:5 to:6 operator:19  ,13
26,0.0,0.0,0.0,0.0,0.0,0.0,0.0,0.0,0.0,0.0,0.0,0.0,0.0,0.0,0:1 1:1 2:1 3:1 4:1 5:1 6:1 7:1 ,from:0 to:1 operator:19  from:1 to:2 operator:19  from:2 to:3 operator:19  from:3 to:4 operator:19  from:4 to:5 operator:19  from:5 to:6 operator:19  from:6 to:7 operator:19  ,15
27,5.9604645e-08,4.2168216e-09,1.1920928955078125e-07,9.063148388156184e-09,1.1920928955078125e-07,1.0244548320770264e-08,0.0,0.0,1.1920928955078125e-07,9.063148388156184e-09,1.1920928955078125e-07,1.0244548320770264e-08,8.940696716308594e-08,7.138702496075526e-09,0:1 1:1 2:1 3:1 4:1 5:1 6:1 ,from:0 to:1 operator:19  from:1 to:2 operator:13  from:2 to:3 operator:19  from:3 to:4 operator:19  from:4 to:5 operator:19  from:5 to:6 operator:19  ,15
35,0.0,0.0,0.0,0.0,0.0,0.0,0.0,0.0,0.0,0.0,0.0,0.0,0.0,0.0,0:1 1:1 2:1 3:1 4:1 5:1 6:1 ,from:0 to:1 operator:19  from:1 to:2 operator:19  from:2 to:3 operator:11  from:3 to:4 operator:19  from:4 to:5 operator:19  from:5 to:6 operator:19  ,22
42,0.0,0.0,4.76837158203125e-07,7.017472482941769e-08,4.76837158203125e-07,7.017472482941769e-08,0.0,0.0,4.76837158203125e-07,7.017472482941769e-08,4.76837158203125e-07,7.017472482941769e-08,3.178914388020833e-07,4.678314988627846e-08,0:1 1:1 2:1 3:1 4:1 5:1 6:1 7:1 ,from:0 to:1 operator:19  from:1 to:2 operator:4  from:2 to:3 operator:5  from:3 to:4 operator:19  from:4 to:5 operator:19  from:5 to:6 operator:19  from:6 to:7 operator:19  ,28
43,0.0,0.0,0.0,0.0,0.0,0.0,0.0,0.0,0.0,0.0,0.0,0.0,0.0,0.0,0:1 1:1 2:1 3:1 4:1 5:1 6:1 7:1 ,from:0 to:1 operator:19  from:1 to:2 operator:19  from:2 to:3 operator:19  from:3 to:4 operator:19  from:4 to:5 operator:19  from:5 to:6 operator:19  from:6 to:7 operator:19  ,28
48,0.0,0.0,0.0,0.0,0.0,0.0,0.0,0.0,0.0,0.0,0.0,0.0,0.0,0.0,0:1 1:1 2:1 3:1 4:1 5:1 6:1 ,from:0 to:1 operator:4  from:1 to:2 operator:19  from:2 to:3 operator:19  from:3 to:4 operator:19  from:4 to:5 operator:19  from:5 to:6 operator:19  ,32
49,5.9604645e-08,4.4065356e-09,1.1920928955078125e-07,9.07177174532855e-09,1.1920928955078125e-07,9.770263676290159e-09,0.0,0.0,1.1920928955078125e-07,9.07177174532855e-09,1.1920928955078125e-07,9.770263676290159e-09,8.940696716308594e-08,7.015101070684534e-09,0:1 1:1 2:1 3:1 4:1 5:1 6:1 ,from:0 to:1 operator:19  from:1 to:2 operator:13  from:2 to:3 operator:19  from:3 to:4 operator:19  from:4 to:5 operator:19  from:5 to:6 operator:19  ,32
50,0.0,0.0,0.0,0.0,0.0,0.0,0.0,0.0,0.0,0.0,0.0,0.0,0.0,0.0,0:1 1:1 2:1 3:1 4:1 5:1 6:1 7:1 ,from:0 to:1 operator:19  from:1 to:2 operator:19  from:2 to:3 operator:19  from:3 to:4 operator:19  from:4 to:5 operator:19  from:5 to:6 operator:19  from:6 to:7 operator:19  ,32
51,0.0,0.0,0.0,0.0,0.0,0.0,0.0,0.0,0.0,0.0,0.0,0.0,0.0,0.0,0:1 1:1 2:1 3:1 4:1 5:1 6:1 7:1 ,from:0 to:1 operator:19  from:1 to:2 operator:19  from:2 to:3 operator:19  from:3 to:4 operator:19  from:4 to:5 operator:19  from:5 to:6 operator:19  from:6 to:7 operator:19  ,32
54,0.0,0.0,0.0,0.0,0.0,0.0,0.0,0.0,0.0,0.0,0.0,0.0,0.0,0.0,0:1 1:1 2:1 3:1 4:1 5:1 6:1 7:1 ,from:0 to:1 operator:19  from:1 to:2 operator:19  from:2 to:3 operator:19  from:3 to:4 operator:19  from:4 to:5 operator:19  from:5 to:6 operator:19  from:6 to:7 operator:19  ,34
55,0.0,0.0,0.0,0.0,0.0,0.0,0.0,0.0,0.0,0.0,0.0,0.0,0.0,0.0,0:1 1:1 2:1 3:1 4:1 5:1 6:1 ,from:0 to:1 operator:19  from:1 to:2 operator:19  from:2 to:3 operator:19  from:3 to:4 operator:19  from:4 to:5 operator:19  from:5 to:6 operator:19  ,34
60,0.0,0.0,1.1920928955078125e-07,1.5642948862174915e-08,1.1920928955078125e-07,1.5642948862174915e-08,0.0,0.0,1.1920928955078125e-07,1.5642948862174915e-08,1.1920928955078125e-07,1.5642948862174915e-08,7.947285970052083e-08,1.0428632574783277e-08,0:1 1:1 2:1 3:1 4:1 5:1 6:1 ,from:0 to:1 operator:19  from:1 to:2 operator:5  from:2 to:3 operator:19  from:3 to:4 operator:19  from:4 to:5 operator:19  from:5 to:6 operator:19  ,38
61,0.0,0.0,0.0,0.0,0.0,0.0,0.0,0.0,0.0,0.0,0.0,0.0,0.0,0.0,0:1 1:1 2:1 3:1 4:1 5:1 6:1 ,from:0 to:1 operator:19  from:1 to:2 operator:19  from:2 to:3 operator:19  from:3 to:4 operator:19  from:4 to:5 operator:19  from:5 to:6 operator:19  ,38
63,0.0,0.0,0.0,0.0,0.0,0.0,0.0,0.0,0.0,0.0,0.0,0.0,0.0,0.0,0:1 1:1 2:1 3:1 4:1 5:1 6:1 ,from:0 to:1 operator:19  from:1 to:2 operator:19  from:2 to:3 operator:19  from:3 to:4 operator:19  from:4 to:5 operator:19  from:5 to:6 operator:19  ,39
65,5.9604645e-08,4.1823283e-09,1.1920928955078125e-07,9.192498745741667e-09,1.1920928955078125e-07,1.0132444677529512e-08,0.0,0.0,1.1920928955078125e-07,9.192498745741667e-09,1.1920928955078125e-07,1.0132444677529512e-08,8.940696716308594e-08,7.138702518005857e-09,0:1 1:1 2:1 3:1 4:1 5:1 6:1 7:1 ,from:0 to:1 operator:19  from:1 to:2 operator:19  from:2 to:3 operator:13  from:3 to:4 operator:19  from:4 to:5 operator:19  from:5 to:6 operator:19  from:6 to:7 operator:19  ,40
66,5.9604645e-08,4.1823283e-09,1.1920928955078125e-07,9.373589246361344e-09,1.1920928955078125e-07,1.0244548320770264e-08,0.0,0.0,1.1920928955078125e-07,9.373589246361344e-09,1.1920928955078125e-07,1.0244548320770264e-08,8.940696716308594e-08,7.2364338992926675e-09,0:1 1:1 2:1 3:1 4:1 5:1 6:1 ,from:0 to:1 operator:19  from:1 to:2 operator:19  from:2 to:3 operator:13  from:3 to:4 operator:19  from:4 to:5 operator:19  from:5 to:6 operator:19  ,40
69,2.3841858e-07,2.7727268e-08,1.1920928955078125e-07,2.7976893887979614e-08,2.384185791015625e-07,3.862575470992413e-08,0.0,0.0,1.1920928955078125e-07,2.7976893887979614e-08,2.384185791015625e-07,3.862575470992413e-08,1.5894571940104166e-07,2.6822094131473953e-08,0:1 1:1 2:1 3:1 4:1 5:1 6:1 ,from:0 to:1 operator:19  from:1 to:2 operator:19  from:2 to:3 operator:19  from:3 to:4 operator:10  from:4 to:5 operator:19  from:5 to:6 operator:19  ,42
75,0.0,0.0,0.0,0.0,0.0,0.0,0.0,0.0,0.0,0.0,0.0,0.0,0.0,0.0,0:1 1:1 2:1 3:1 4:1 5:1 6:1 ,from:0 to:1 operator:19  from:1 to:2 operator:19  from:2 to:3 operator:19  from:3 to:4 operator:19  from:4 to:5 operator:19  from:5 to:6 operator:19  ,47
78,1.1920929e-07,3.4191854e-09,1.7881393432617188e-07,1.6513172919598285e-08,1.7881393432617188e-07,1.6687217599500974e-08,0.0,0.0,1.7881393432617188e-07,1.6513172919598285e-08,1.7881393432617188e-07,1.6687217599500974e-08,1.3907750447591147e-07,1.163666106957842e-08,0:1 1:1 2:1 3:1 4:1 5:1 6:1 7:1 ,from:0 to:1 operator:13  from:1 to:2 operator:5  from:2 to:3 operator:19  from:3 to:4 operator:19  from:4 to:5 operator:19  from:5 to:6 operator:19  from:6 to:7 operator:19  ,49
83,1.7881393e-07,3.8016394e-09,1.1920928955078125e-07,1.6219580082313905e-08,1.7881393432617188e-07,1.655748052245245e-08,0.0,0.0,1.1920928955078125e-07,1.6219580082313905e-08,1.7881393432617188e-07,1.655748052245245e-08,1.2914339701334635e-07,1.1559293442869946e-08,0:1 1:1 2:1 3:1 4:1 5:1 6:1 7:1 ,from:0 to:1 operator:13  from:1 to:2 operator:5  from:2 to:3 operator:12  from:3 to:4 operator:19  from:4 to:5 operator:19  from:5 to:6 operator:19  from:6 to:7 operator:19  ,53
86,0.0,0.0,0.0,0.0,0.0,0.0,0.0,0.0,0.0,0.0,0.0,0.0,0.0,0.0,0:1 1:1 2:1 3:1 4:1 5:1 6:1 7:1 ,from:0 to:1 operator:19  from:1 to:2 operator:19  from:2 to:3 operator:19  from:3 to:4 operator:19  from:4 to:5 operator:19  from:5 to:6 operator:19  from:6 to:7 operator:19  ,55
87,5.9604645e-08,4.3116784e-11,1.1920928955078125e-07,7.761021455128987e-11,1.1920928955078125e-07,8.623357172365541e-11,0.0,0.0,1.1920928955078125e-07,7.761021455128987e-11,1.1920928955078125e-07,8.623357172365541e-11,8.940696716308594e-08,6.180072616637332e-11,0:1 1:1 2:1 3:1 4:1 5:1 6:1 ,from:0 to:1 operator:4  from:1 to:2 operator:19  from:2 to:3 operator:19  from:3 to:4 operator:13  from:4 to:5 operator:19  from:5 to:6 operator:19  ,55
88,5.9604645e-08,8.623357e-11,5.960464477539063e-08,6.898685737892433e-11,1.1920928955078125e-07,5.174014303419325e-11,0.0,0.0,5.960464477539063e-08,6.898685737892433e-11,1.1920928955078125e-07,5.174014303419325e-11,6.953875223795573e-08,5.461459495382231e-11,0:1 1:1 2:1 3:1 4:1 5:1 6:1 7:1 ,from:0 to:1 operator:19  from:1 to:2 operator:13  from:2 to:3 operator:4  from:3 to:4 operator:19  from:4 to:5 operator:19  from:5 to:6 operator:19  from:6 to:7 operator:19  ,55
90,0.0,0.0,0.0,0.0,0.0,0.0,0.0,0.0,0.0,0.0,0.0,0.0,0.0,0.0,0:1 1:1 2:1 3:1 4:1 5:1 6:1 7:1 ,from:0 to:1 operator:19  from:1 to:2 operator:19  from:2 to:3 operator:19  from:3 to:4 operator:19  from:4 to:5 operator:19  from:5 to:6 operator:19  from:6 to:7 operator:19  ,56
91,0.0,0.0,0.0,0.0,0.0,0.0,0.0,0.0,0.0,0.0,0.0,0.0,0.0,0.0,0:1 1:1 2:1 3:1 4:1 5:1 6:1 7:1 ,from:0 to:1 operator:19  from:1 to:2 operator:19  from:2 to:3 operator:19  from:3 to:4 operator:19  from:4 to:5 operator:19  from:5 to:6 operator:19  from:6 to:7 operator:19  ,56
94,5.9604645e-08,4.320302e-09,1.1920928955078125e-07,8.675097315399735e-09,1.1920928955078125e-07,9.822003819324352e-09,0.0,0.0,1.1920928955078125e-07,8.675097315399735e-09,1.1920928955078125e-07,9.822003819324352e-09,8.940696716308594e-08,6.8857506939100105e-09,0:1 1:1 2:1 3:1 4:1 5:1 6:1 7:1 ,from:0 to:1 operator:13  from:1 to:2 operator:19  from:2 to:3 operator:19  from:3 to:4 operator:19  from:4 to:5 operator:19  from:5 to:6 operator:19  from:6 to:7 operator:19  ,58
95,0.0,0.0,0.0,0.0,0.0,0.0,0.0,0.0,0.0,0.0,0.0,0.0,0.0,0.0,0:1 1:1 2:1 3:1 4:1 5:1 6:1 7:1 ,from:0 to:1 operator:19  from:1 to:2 operator:19  from:2 to:3 operator:19  from:3 to:4 operator:19  from:4 to:5 operator:19  from:5 to:6 operator:19  from:6 to:7 operator:19  ,58
96,5.9604645e-08,3.8546406e-09,1.1920928955078125e-07,8.821694387329949e-09,1.1920928955078125e-07,9.692653461738868e-09,0.0,0.0,1.1920928955078125e-07,8.821694387329949e-09,1.1920928955078125e-07,9.692653461738868e-09,8.940696716308594e-08,6.813889384140297e-09,0:1 1:1 2:1 3:1 4:1 5:1 6:1 7:1 ,from:0 to:1 operator:13  from:1 to:2 operator:19  from:2 to:3 operator:19  from:3 to:4 operator:19  from:4 to:5 operator:19  from:5 to:6 operator:19  from:6 to:7 operator:19  ,58
98,5.9604645e-08,4.1823283e-09,1.1920928955078125e-07,9.295979031810054e-09,1.1920928955078125e-07,1.0391145392700477e-08,0.0,0.0,1.1920928955078125e-07,9.295979031810054e-09,1.1920928955078125e-07,1.0391145392700477e-08,8.940696716308594e-08,7.259429518418974e-09,0:1 1:1 2:1 3:1 4:1 5:1 6:1 ,from:0 to:1 operator:19  from:1 to:2 operator:19  from:2 to:3 operator:19  from:3 to:4 operator:13  from:4 to:5 operator:19  from:5 to:6 operator:19  ,59
107,0.0,0.0,0.0,0.0,0.0,0.0,0.0,0.0,0.0,0.0,0.0,0.0,0.0,0.0,0:1 1:1 2:1 3:1 4:1 5:1 6:1 ,from:0 to:1 operator:19  from:1 to:2 operator:19  from:2 to:3 operator:19  from:3 to:4 operator:19  from:4 to:5 operator:19  from:5 to:6 operator:19  ,67
109,0.0,0.0,4.76837158203125e-07,7.15221243875998e-08,4.76837158203125e-07,7.15221243875998e-08,0.0,0.0,4.76837158203125e-07,7.15221243875998e-08,4.76837158203125e-07,7.15221243875998e-08,3.178914388020833e-07,4.7681416258399863e-08,0:1 1:1 2:1 3:1 4:1 5:1 6:1 7:1 ,from:0 to:1 operator:4  from:1 to:2 operator:19  from:2 to:3 operator:19  from:3 to:4 operator:5  from:4 to:5 operator:19  from:5 to:6 operator:19  from:6 to:7 operator:19  ,68
111,1.1920929e-07,7.0539063e-09,2.384185791015625e-07,2.499048908551534e-08,2.384185791015625e-07,2.5680357659304582e-08,0.0,0.0,2.384185791015625e-07,2.499048908551534e-08,2.384185791015625e-07,2.5680357659304582e-08,1.7881393432617188e-07,1.8065933306260015e-08,0:1 1:1 2:1 3:1 4:1 5:1 6:1 ,from:0 to:1 operator:13  from:1 to:2 operator:13  from:2 to:3 operator:19  from:3 to:4 operator:13  from:4 to:5 operator:19  from:5 to:6 operator:19  ,69
112,0.0,0.0,0.0,0.0,0.0,0.0,0.0,0.0,0.0,0.0,0.0,0.0,0.0,0.0,0:1 1:1 2:1 3:1 4:1 5:1 6:1 ,from:0 to:1 operator:19  from:1 to:2 operator:19  from:2 to:3 operator:19  from:3 to:4 operator:19  from:4 to:5 operator:19  from:5 to:6 operator:19  ,69
114,5.9604645e-08,4.0960946e-09,1.1920928955078125e-07,9.183875388569302e-09,1.1920928955078125e-07,1.019280817773607e-08,0.0,0.0,1.1920928955078125e-07,9.183875388569302e-09,1.1920928955078125e-07,1.019280817773607e-08,8.940696716308594e-08,7.141576951207606e-09,0:1 1:1 2:1 3:1 4:1 5:1 6:1 ,from:0 to:1 operator:19  from:1 to:2 operator:19  from:2 to:3 operator:13  from:3 to:4 operator:19  from:4 to:5 operator:19  from:5 to:6 operator:19  ,70
116,0.0,0.0,0.0,0.0,0.0,0.0,0.0,0.0,0.0,0.0,0.0,0.0,0.0,0.0,0:1 1:1 2:1 3:1 4:1 5:1 6:1 7:1 ,from:0 to:1 operator:19  from:1 to:2 operator:19  from:2 to:3 operator:19  from:3 to:4 operator:19  from:4 to:5 operator:19  from:5 to:6 operator:19  from:6 to:7 operator:19  ,71
120,0.0,0.0,0.0,0.0,0.0,0.0,0.0,0.0,0.0,0.0,0.0,0.0,0.0,0.0,0:1 1:1 2:1 3:1 4:1 5:1 6:1 7:1 ,from:0 to:1 operator:19  from:1 to:2 operator:19  from:2 to:3 operator:19  from:3 to:4 operator:19  from:4 to:5 operator:19  from:5 to:6 operator:19  from:6 to:7 operator:19  ,74
121,0.0,0.0,0.0,0.0,0.0,0.0,0.0,0.0,0.0,0.0,0.0,0.0,0.0,0.0,0:1 1:1 2:1 3:1 4:1 5:1 6:1 7:1 ,from:0 to:1 operator:19  from:1 to:2 operator:19  from:2 to:3 operator:19  from:3 to:4 operator:19  from:4 to:5 operator:19  from:5 to:6 operator:19  from:6 to:7 operator:19  ,74
124,0.0,0.0,6.115151762962341,1.126807922410537,6.115151762962341,1.126807922410537,0.0,0.0,6.115151762962341,1.126807922410537,6.115151762962341,1.126807922410537,4.0767678419748945,0.7512052816070246,0:1 1:1 2:1 3:1 4:1 5:1 6:1 7:1 8:2 ,from:0 to:1 operator:19  from:1 to:2 operator:19  from:1 to:4 operator:19  from:2 to:3 operator:19  from:3 to:6 operator:19  from:4 to:5 operator:19  from:5 to:8 operator:19  from:6 to:7 operator:19  from:7 to:8 operator:19  ,76
125,5.9604645e-08,4.027108e-09,1.1920928955078125e-07,9.287355674637688e-09,1.1920928955078125e-07,1.0382522035528113e-08,0.0,0.0,1.1920928955078125e-07,9.287355674637688e-09,1.1920928955078125e-07,1.0382522035528113e-08,8.940696716308594e-08,7.227810566791925e-09,0:1 1:1 2:1 3:1 4:1 5:1 6:1 ,from:0 to:1 operator:13  from:1 to:2 operator:19  from:2 to:3 operator:19  from:3 to:4 operator:19  from:4 to:5 operator:19  from:5 to:6 operator:19  ,76
128,0.0,0.0,0.0,0.0,0.0,0.0,0.0,0.0,0.0,0.0,0.0,0.0,0.0,0.0,0:1 1:1 2:1 3:1 4:1 5:1 6:1 7:1 ,from:0 to:1 operator:19  from:1 to:2 operator:19  from:2 to:3 operator:19  from:3 to:4 operator:19  from:4 to:5 operator:19  from:5 to:6 operator:19  from:6 to:7 operator:19  ,78
130,1.1920929e-07,5.751779e-09,1.7881393432617188e-07,1.7652012131832263e-08,1.7881393432617188e-07,1.890239892182527e-08,0.0,0.0,1.7881393432617188e-07,1.7652012131832263e-08,1.7881393432617188e-07,1.890239892182527e-08,1.3907750447591147e-07,1.3143433526726275e-08,0:1 1:1 2:1 3:1 4:1 5:1 6:1 7:1 ,from:0 to:1 operator:19  from:1 to:2 operator:13  from:2 to:3 operator:13  from:3 to:4 operator:19  from:4 to:5 operator:19  from:5 to:6 operator:19  from:6 to:7 operator:19  ,79
135,5.9604645e-08,7.0107893e-09,1.7881393432617188e-07,2.308745458187197e-08,1.7881393432617188e-07,2.4510308515312284e-08,0.0,0.0,1.7881393432617188e-07,2.308745458187197e-08,1.7881393432617188e-07,2.4510308515312284e-08,1.2914339701334635e-07,1.7034385912802534e-08,0:1 1:1 2:1 3:1 4:1 5:1 6:1 7:1 ,from:0 to:1 operator:5  from:1 to:2 operator:19  from:2 to:3 operator:13  from:3 to:4 operator:19  from:4 to:5 operator:19  from:5 to:6 operator:19  from:6 to:7 operator:19  ,83
140,5.9604645e-08,4.2513153e-09,1.1920928955078125e-07,9.295979031810054e-09,1.1920928955078125e-07,1.0080704534495319e-08,0.0,0.0,1.1920928955078125e-07,9.295979031810054e-09,1.1920928955078125e-07,1.0080704534495319e-08,8.940696716308594e-08,7.167447072067949e-09,0:1 1:1 2:1 3:1 4:1 5:1 6:1 ,from:0 to:1 operator:19  from:1 to:2 operator:19  from:2 to:3 operator:13  from:3 to:4 operator:19  from:4 to:5 operator:19  from:5 to:6 operator:19  ,87
147,0.0,0.0,0.0,0.0,0.0,0.0,0.0,0.0,0.0,0.0,0.0,0.0,0.0,0.0,0:1 1:1 2:1 3:1 4:1 5:1 6:1 ,from:0 to:1 operator:19  from:1 to:2 operator:19  from:2 to:3 operator:19  from:3 to:4 operator:19  from:4 to:5 operator:19  from:5 to:6 operator:19  ,93
148,0.0,0.0,0.0,0.0,0.0,0.0,0.0,0.0,0.0,0.0,0.0,0.0,0.0,0.0,0:1 1:1 2:1 3:1 4:1 5:1 6:1 ,from:0 to:1 operator:19  from:1 to:2 operator:4  from:2 to:3 operator:19  from:3 to:4 operator:19  from:4 to:5 operator:19  from:5 to:6 operator:19  ,93
149,0.0,0.0,0.0,0.0,0.0,0.0,0.0,0.0,0.0,0.0,0.0,0.0,0.0,0.0,0:1 1:1 2:1 3:1 4:1 5:1 6:1 7:1 ,from:0 to:1 operator:19  from:1 to:2 operator:19  from:2 to:3 operator:19  from:3 to:4 operator:19  from:4 to:5 operator:19  from:5 to:6 operator:19  from:6 to:7 operator:19  ,93
152,0.0,0.0,0.0,0.0,0.0,0.0,0.0,0.0,0.0,0.0,0.0,0.0,0.0,0.0,0:1 1:1 2:1 3:1 4:1 5:1 6:1 7:1 ,from:0 to:1 operator:19  from:1 to:2 operator:19  from:2 to:3 operator:19  from:3 to:4 operator:19  from:4 to:5 operator:19  from:5 to:6 operator:19  from:6 to:7 operator:19  ,95
156,5.9604645e-08,4.2081982e-09,1.1920928955078125e-07,9.390835960706076e-09,1.1920928955078125e-07,1.0339405249666284e-08,0.0,0.0,1.1920928955078125e-07,9.390835960706076e-09,1.1920928955078125e-07,1.0339405249666284e-08,8.940696716308594e-08,7.278113442511351e-09,0:1 1:1 2:1 3:1 4:1 5:1 6:1 ,from:0 to:1 operator:19  from:1 to:2 operator:19  from:2 to:3 operator:19  from:3 to:4 operator:13  from:4 to:5 operator:19  from:5 to:6 operator:19  ,98
157,0.0,0.0,0.0,0.0,0.0,0.0,0.0,0.0,0.0,0.0,0.0,0.0,0.0,0.0,0:1 1:1 2:1 3:1 4:1 5:1 6:1 7:1 ,from:0 to:1 operator:4  from:1 to:2 operator:19  from:2 to:3 operator:19  from:3 to:4 operator:19  from:4 to:5 operator:19  from:5 to:6 operator:19  from:6 to:7 operator:19  ,98
162,0.0,0.0,0.0,0.0,0.0,0.0,0.0,0.0,0.0,0.0,0.0,0.0,0.0,0.0,0:1 1:1 2:1 3:1 4:1 5:1 6:1 ,from:0 to:1 operator:19  from:1 to:2 operator:19  from:2 to:3 operator:19  from:3 to:4 operator:19  from:4 to:5 operator:19  from:5 to:6 operator:19  ,102
163,5.9604645e-08,7.761022e-11,5.960464477539063e-08,1.3797371475784866e-10,1.1920928955078125e-07,1.4659707193021422e-10,0.0,0.0,5.960464477539063e-08,1.3797371475784866e-10,1.1920928955078125e-07,1.4659707193021422e-10,6.953875223795573e-08,1.0779196504006338e-10,0:1 1:1 2:1 3:1 4:1 5:1 6:1 7:1 ,from:0 to:1 operator:4  from:1 to:2 operator:19  from:2 to:3 operator:19  from:3 to:4 operator:13  from:4 to:5 operator:19  from:5 to:6 operator:19  from:6 to:7 operator:19  ,102
171,0.0,0.0,0.0,0.0,0.0,0.0,0.0,0.0,0.0,0.0,0.0,0.0,0.0,0.0,0:1 1:1 2:1 3:1 4:1 5:1 6:1 7:1 ,from:0 to:1 operator:19  from:1 to:2 operator:19  from:2 to:3 operator:19  from:3 to:4 operator:19  from:4 to:5 operator:19  from:5 to:6 operator:19  from:6 to:7 operator:19  ,109
173,0.0,0.0,0.0,0.0,0.0,0.0,0.0,0.0,0.0,0.0,0.0,0.0,0.0,0.0,0:1 1:1 2:1 3:1 4:1 5:1 6:1 ,from:0 to:1 operator:19  from:1 to:2 operator:19  from:2 to:3 operator:19  from:3 to:4 operator:19  from:4 to:5 operator:19  from:5 to:6 operator:19  ,110
181,5.9604645e-08,4.0616013e-09,1.1920928955078125e-07,9.192498745741667e-09,1.1920928955078125e-07,9.994470962771662e-09,0.0,0.0,1.1920928955078125e-07,9.192498745741667e-09,1.1920928955078125e-07,9.994470962771662e-09,8.940696716308594e-08,7.072590115759012e-09,0:1 1:1 2:1 3:1 4:1 5:1 6:1 7:1 ,from:0 to:1 operator:19  from:1 to:2 operator:19  from:2 to:3 operator:13  from:3 to:4 operator:19  from:4 to:5 operator:19  from:5 to:6 operator:19  from:6 to:7 operator:19  ,117
182,0.0,0.0,0.0,0.0,0.0,0.0,0.0,0.0,0.0,0.0,0.0,0.0,0.0,0.0,0:1 1:1 2:1 3:1 4:1 5:1 6:1 7:1 ,from:0 to:1 operator:19  from:1 to:2 operator:19  from:2 to:3 operator:19  from:3 to:4 operator:19  from:4 to:5 operator:19  from:5 to:6 operator:19  from:6 to:7 operator:19  ,117
184,0.0,0.0,1.7881393432617188e-07,1.4177268939066481e-08,1.7881393432617188e-07,1.4177268939066481e-08,0.0,0.0,1.7881393432617188e-07,1.4177268939066481e-08,1.7881393432617188e-07,1.4177268939066481e-08,1.1920928955078125e-07,9.45151262604432e-09,0:1 1:1 2:1 3:1 4:1 5:1 6:1 7:1 ,from:0 to:1 operator:5  from:1 to:2 operator:19  from:2 to:3 operator:19  from:3 to:4 operator:19  from:4 to:5 operator:19  from:5 to:6 operator:19  from:6 to:7 operator:19  ,118
186,0.0,0.0,0.0,0.0,0.0,0.0,0.0,0.0,0.0,0.0,0.0,0.0,0.0,0.0,0:1 1:1 2:1 3:1 4:1 5:1 6:1 7:1 ,from:0 to:1 operator:19  from:1 to:2 operator:19  from:2 to:3 operator:19  from:3 to:4 operator:19  from:4 to:5 operator:19  from:5 to:6 operator:19  from:6 to:7 operator:19  ,119
188,0.0,0.0,1.7881393432617188e-07,1.4779029950457495e-08,1.7881393432617188e-07,1.4779029950457495e-08,0.0,0.0,1.7881393432617188e-07,1.4779029950457495e-08,1.7881393432617188e-07,1.4779029950457495e-08,1.1920928955078125e-07,9.85268663363833e-09,0:1 1:1 2:1 3:1 4:1 5:1 6:1 7:1 ,from:0 to:1 operator:5  from:1 to:2 operator:19  from:2 to:3 operator:19  from:3 to:4 operator:19  from:4 to:5 operator:19  from:5 to:6 operator:19  from:6 to:7 operator:19  ,120
192,0.0,0.0,0.0,0.0,0.0,0.0,0.0,0.0,0.0,0.0,0.0,0.0,0.0,0.0,0:1 1:1 2:1 3:1 4:1 5:1 6:1 ,from:0 to:1 operator:19  from:1 to:2 operator:19  from:2 to:3 operator:19  from:3 to:4 operator:12  from:4 to:5 operator:19  from:5 to:6 operator:19  ,123
193,0.0,0.0,0.0,0.0,0.0,0.0,0.0,0.0,0.0,0.0,0.0,0.0,0.0,0.0,0:1 1:1 2:1 3:1 4:1 5:1 6:1 ,from:0 to:1 operator:19  from:1 to:2 operator:19  from:2 to:3 operator:19  from:3 to:4 operator:19  from:4 to:5 operator:19  from:5 to:6 operator:19  ,123
194,0.0,0.0,0.0,0.0,0.0,0.0,0.0,0.0,0.0,0.0,0.0,0.0,0.0,0.0,0:1 1:1 2:1 3:1 4:1 5:1 6:1 ,from:0 to:1 operator:19  from:1 to:2 operator:19  from:2 to:3 operator:19  from:3 to:4 operator:19  from:4 to:5 operator:19  from:5 to:6 operator:19  ,123
199,0.0,0.0,0.0,0.0,0.0,0.0,0.0,0.0,0.0,0.0,0.0,0.0,0.0,0.0,0:1 1:1 2:1 3:1 4:1 5:1 6:1 ,from:0 to:1 operator:19  from:1 to:2 operator:19  from:2 to:3 operator:19  from:3 to:4 operator:19  from:4 to:5 operator:19  from:5 to:6 operator:19  ,127
202,0.0,0.0,0.0,0.0,0.0,0.0,0.0,0.0,0.0,0.0,0.0,0.0,0.0,0.0,0:1 1:1 2:1 3:1 4:1 5:1 6:1 ,from:0 to:1 operator:19  from:1 to:2 operator:19  from:2 to:3 operator:19  from:3 to:4 operator:19  from:4 to:5 operator:19  from:5 to:6 operator:19  ,129
206,0.0,0.0,0.0,0.0,0.0,0.0,0.0,0.0,0.0,0.0,0.0,0.0,0.0,0.0,0:1 1:1 2:1 3:1 4:1 5:1 6:1 7:1 ,from:0 to:1 operator:19  from:1 to:2 operator:19  from:2 to:3 operator:19  from:3 to:4 operator:19  from:4 to:5 operator:19  from:5 to:6 operator:19  from:6 to:7 operator:19  ,132
207,0.0,0.0,0.0,0.0,0.0,0.0,0.0,0.0,0.0,0.0,0.0,0.0,0.0,0.0,0:1 1:1 2:1 3:1 4:1 5:1 6:1 ,from:0 to:1 operator:19  from:1 to:2 operator:19  from:2 to:3 operator:19  from:3 to:4 operator:19  from:4 to:5 operator:19  from:5 to:6 operator:19  ,132
209,0.0,0.0,0.0,0.0,0.0,0.0,0.0,0.0,0.0,0.0,0.0,0.0,0.0,0.0,0:1 1:1 2:1 3:1 4:1 5:1 6:1 7:1 ,from:0 to:1 operator:19  from:1 to:2 operator:19  from:2 to:3 operator:19  from:3 to:4 operator:19  from:4 to:5 operator:19  from:5 to:6 operator:19  from:6 to:7 operator:19  ,133
210,5.9604645e-08,4.0702246e-09,1.1920928955078125e-07,9.235615531603495e-09,1.1920928955078125e-07,1.0270418392287361e-08,0.0,0.0,1.1920928955078125e-07,9.235615531603495e-09,1.1920928955078125e-07,1.0270418392287361e-08,8.940696716308594e-08,7.1803820749309985e-09,0:1 1:1 2:1 3:1 4:1 5:1 6:1 7:1 ,from:0 to:1 operator:19  from:1 to:2 operator:19  from:2 to:3 operator:13  from:3 to:4 operator:19  from:4 to:5 operator:19  from:5 to:6 operator:19  from:6 to:7 operator:19  ,133
211,5.9604645e-08,4.027108e-09,1.1920928955078125e-07,9.718523533255966e-09,1.1920928955078125e-07,1.050324903594123e-08,0.0,0.0,1.1920928955078125e-07,9.718523533255966e-09,1.1920928955078125e-07,1.050324903594123e-08,8.940696716308594e-08,7.411775519802389e-09,0:1 1:1 2:1 3:1 4:1 5:1 6:1 ,from:0 to:1 operator:19  from:1 to:2 operator:19  from:2 to:3 operator:13  from:3 to:4 operator:19  from:4 to:5 operator:19  from:5 to:6 operator:19  ,133
212,0.0,0.0,1.1920928955078125e-07,1.86593680424536e-08,1.1920928955078125e-07,1.86593680424536e-08,0.0,0.0,1.1920928955078125e-07,1.86593680424536e-08,1.1920928955078125e-07,1.86593680424536e-08,7.947285970052083e-08,1.2439578694969067e-08,0:1 1:1 2:1 3:1 4:1 5:1 6:1 7:1 ,from:0 to:1 operator:5  from:1 to:2 operator:19  from:2 to:3 operator:19  from:3 to:4 operator:4  from:4 to:5 operator:19  from:5 to:6 operator:19  from:6 to:7 operator:19  ,133
213,0.0,0.0,0.0,0.0,0.0,0.0,0.0,0.0,0.0,0.0,0.0,0.0,0.0,0.0,0:1 1:1 2:1 3:1 4:1 5:1 6:1 ,from:0 to:1 operator:19  from:1 to:2 operator:19  from:2 to:3 operator:19  from:3 to:4 operator:19  from:4 to:5 operator:19  from:5 to:6 operator:19  ,133
214,5.9604645e-08,2.0437356e-09,5.279110431671143,1.0025801000670325,5.279110431671143,1.002580099885942,0.0,0.0,5.279110431671143,1.0025801000670325,5.279110431671143,1.002580099885942,3.519406964381536,0.6683867336582807,0:1 1:1 2:1 3:1 4:1 5:1 6:1 7:1 8:1 9:1 10:2 ,from:0 to:1 operator:19  from:1 to:2 operator:19  from:2 to:3 operator:13  from:2 to:4 operator:19  from:3 to:7 operator:19  from:4 to:5 operator:19  from:5 to:6 operator:19  from:6 to:10 operator:19  from:7 to:8 operator:19  from:8 to:9 operator:19  from:9 to:10 operator:19  ,133
216,0.0,0.0,0.0,0.0,0.0,0.0,0.0,0.0,0.0,0.0,0.0,0.0,0.0,0.0,0:1 1:1 2:1 3:1 4:1 5:1 6:1 ,from:0 to:1 operator:19  from:1 to:2 operator:19  from:2 to:3 operator:19  from:3 to:4 operator:19  from:4 to:5 operator:19  from:5 to:6 operator:19  ,134
217,0.0,0.0,0.0,0.0,0.0,0.0,0.0,0.0,0.0,0.0,0.0,0.0,0.0,0.0,0:1 1:1 2:1 3:1 4:1 5:1 6:1 ,from:0 to:1 operator:19  from:1 to:2 operator:19  from:2 to:3 operator:19  from:3 to:4 operator:19  from:4 to:5 operator:19  from:5 to:6 operator:19  ,134
218,0.0,0.0,0.0,0.0,0.0,0.0,0.0,0.0,0.0,0.0,0.0,0.0,0.0,0.0,0:1 1:1 2:1 3:1 4:1 5:1 6:1 7:1 ,from:0 to:1 operator:19  from:1 to:2 operator:19  from:2 to:3 operator:19  from:3 to:4 operator:19  from:4 to:5 operator:19  from:5 to:6 operator:19  from:6 to:7 operator:19  ,134
219,0.0,0.0,0.0,0.0,0.0,0.0,0.0,0.0,0.0,0.0,0.0,0.0,0.0,0.0,0:1 1:1 2:1 3:1 4:1 5:1 6:1 7:1 ,from:0 to:1 operator:19  from:1 to:2 operator:19  from:2 to:3 operator:19  from:3 to:4 operator:19  from:4 to:5 operator:19  from:5 to:6 operator:19  from:6 to:7 operator:19  ,134
224,0.0,0.0,0.0,0.0,0.0,0.0,0.0,0.0,0.0,0.0,0.0,0.0,0.0,0.0,0:1 1:1 2:1 3:1 4:1 5:1 6:1 7:1 ,from:0 to:1 operator:19  from:1 to:2 operator:19  from:2 to:3 operator:19  from:3 to:4 operator:19  from:4 to:5 operator:19  from:5 to:6 operator:19  from:6 to:7 operator:19  ,138
225,0.0,0.0,0.0,0.0,0.0,0.0,0.0,0.0,0.0,0.0,0.0,0.0,0.0,0.0,0:1 1:1 2:1 3:1 4:1 5:1 6:1 ,from:0 to:1 operator:19  from:1 to:2 operator:19  from:2 to:3 operator:19  from:3 to:4 operator:19  from:4 to:5 operator:19  from:5 to:6 operator:19  ,138
